{
  "eula": "",
  "vendor": "SAP",
  "license": "",
  "id": "com.sap.sac.sample.echarts.sankeyyg",
  "version": "1.1.0",
  "supportsMobile": true,
  "supportsBookmark": true,
  "supportsLinkedAnalysisFilterOnSelection": true,
  "name": "EChartsSankeyStyling",
  "description": "Dynamic Enterprise Sankey",
  "webcomponents": [
    {
      "kind": "main",
      "tag": "com-sap-sac-sample-echarts-sankeyyg",
      "url": "/main.js"
    },
    {
      "kind": "styling",
      "tag": "com-sap-sac-sample-echarts-sankeyyg-styling",
      "url": "/sankeyChartStyling.js"
    }
  ],
  "dataBindings": {
    "dataBinding": {
      "feeds": [
        { "id": "dimensions", "type": "dimension" },
        { "id": "measures", "type": "mainStructureMember" }
      ]
    }
  }
}
